fecha,dia,semana,tipo,red,pieza,archivo,texto,requiere,alternativa
"2026-10-05","lunes 5/10","1","feed","Instagram · LinkedIn","manifiesto-08","contenido/redes/2026-10/png/manifiesto-08.png","Tu dinero no debería detenerse en la frontera. Hoy un mensaje cruza en segundos; el dinero tarda días y pierde una parte por el camino.","",""
"2026-10-05","lunes 5/10","1","historia","Instagram · Facebook (historias)","historia-09","contenido/redes/2026-10/png/historia-09.png","Sin pie de texto: la historia se entiende sola.","",""
"2026-10-06","martes 6/10","1","carrusel","Instagram · LinkedIn","carrusel-palabras","contenido/redes/2026-10/png/carrusel-palabras-01.png","Cinco palabras para empezar: stablecoin, USDC, autocustodia, DeFi y comprobante.","personaje",""
"2026-10-07","miércoles 7/10","1","feed","Instagram · LinkedIn","manifiesto-09","contenido/redes/2026-10/png/manifiesto-09.png","Un mensaje cruza una frontera en segundos. El dinero, en días. Eso es lo que venimos a cambiar.","",""
"2026-10-07","miércoles 7/10","1","historia","Instagram · Facebook (historias)","historia-06","contenido/redes/2026-10/png/historia-06.png","Sin pie de texto: la historia se entiende sola.","",""
"2026-10-08","jueves 8/10","1","feed","Instagram · LinkedIn","comparar-02","contenido/redes/2026-10/png/comparar-02.png","USD y USDC no son lo mismo: uno es el dólar; el otro, una stablecoin que busca valer un dólar.","",""
"2026-10-08","jueves 8/10","1","x","X · LinkedIn","horizontal-05","contenido/redes/2026-10/png/horizontal-05.png","Tu dinero no debería detenerse en la frontera.","",""
"2026-10-09","viernes 9/10","1","feed","Instagram · LinkedIn","manifiesto-01","contenido/redes/2026-10/png/manifiesto-01.png","Dinero sin fronteras. Siempre tuyo. Cobra, guarda y mueve tu dinero entre países.","",""
"2026-10-09","viernes 9/10","1","historia","Instagram · Facebook (historias)","historia-01","contenido/redes/2026-10/png/historia-01.png","Sin pie de texto: la historia se entiende sola.","",""
"2026-10-12","lunes 12/10","2","feed","Instagram · LinkedIn","manifiesto-10","contenido/redes/2026-10/png/manifiesto-10.png","Sin fronteras, sin encierro, siempre tuyo: una cuenta para cobrar, guardar y mover dinero entre países.","",""
"2026-10-13","martes 13/10","2","carrusel","Instagram · LinkedIn","carrusel-cobrar","contenido/redes/2026-10/png/carrusel-cobrar-01.png","Cobrar con un enlace, paso a paso. (Alpha en testnet, con fondos de prueba.)","personaje",""
"2026-10-14","miércoles 14/10","2","feed","Instagram · LinkedIn","pilares-03","contenido/redes/2026-10/png/pilares-03.png","Cripto sin la parte difícil: sin redes, gas ni direcciones a la vista.","",""
"2026-10-14","miércoles 14/10","2","historia","Instagram · Facebook (historias)","historia-05","contenido/redes/2026-10/png/historia-05.png","Sin pie de texto: la historia se entiende sola.","",""
"2026-10-15","jueves 15/10","2","feed","Instagram · LinkedIn","entre-paises-01","contenido/redes/2026-10/png/entre-paises-01.png","Cobra desde cualquier país: un enlace o un QR, y el pago llega en dólares digitales. (Alpha en testnet.)","",""
"2026-10-15","jueves 15/10","2","x","X · LinkedIn","horizontal-03","contenido/redes/2026-10/png/horizontal-03.png","Tu dinero. Tu decisión.","personaje",""
"2026-10-16","viernes 16/10","2","feed","Instagram · LinkedIn","estado-01","contenido/redes/2026-10/png/estado-01.png","Estamos en alpha: probamos en testnet con fondos de prueba. Te contaremos las novedades.","",""
"2026-10-16","viernes 16/10","2","historia","Instagram · Facebook (historias)","historia-07","contenido/redes/2026-10/png/historia-07.png","Sin pie de texto: la historia se entiende sola.","",""
"2026-10-19","lunes 19/10","3","feed","Instagram · LinkedIn","entre-paises-02","contenido/redes/2026-10/png/entre-paises-02.png","Así cobras desde otro país: tu cliente paga con tu enlace, recibes dólares digitales y decides qué hacer. Pronto, retiro en bolivianos. (Alpha en testnet.)","",""
"2026-10-20","martes 20/10","3","carrusel","Instagram · LinkedIn","carrusel-revisar","contenido/redes/2026-10/png/carrusel-revisar-01.png","Antes de enviar, revisa tres cosas: el destino, el activo y la red, y el coste.","personaje",""
"2026-10-21","miércoles 21/10","3","feed","Instagram · LinkedIn","glosario-01","contenido/redes/2026-10/png/glosario-01.png","Glosario 01 · Stablecoin: moneda digital pensada para mantener un valor estable, normalmente atado al dólar.","",""
"2026-10-21","miércoles 21/10","3","historia","Instagram · Facebook (historias)","historia-04","contenido/redes/2026-10/png/historia-04.png","Sin pie de texto: la historia se entiende sola.","",""
"2026-10-22","jueves 22/10","3","feed","Instagram · LinkedIn","entre-paises-05","contenido/redes/2026-10/png/entre-paises-05.png","Tu cliente está lejos; tu cobro, no tanto. (Alpha en testnet.)","personaje",""
"2026-10-22","jueves 22/10","3","x","X · LinkedIn","horizontal-01","contenido/redes/2026-10/png/horizontal-01.png","Enviado no es confirmado.","",""
"2026-10-23","viernes 23/10","3","feed","Instagram · LinkedIn","consejo-01","contenido/redes/2026-10/png/consejo-01.png","Consejo 01: revisa el destino antes de enviar. Un carácter distinto lleva el dinero a otra cuenta.","",""
"2026-10-23","viernes 23/10","3","historia","Instagram · Facebook (historias)","historia-03","contenido/redes/2026-10/png/historia-03.png","Sin pie de texto: la historia se entiende sola.","",""
"2026-10-26","lunes 26/10","4","feed","Instagram · LinkedIn","consejo-02","contenido/redes/2026-10/png/consejo-02.png","Consejo 02: tus accesos son solo tuyos. No compartas tus códigos de acceso con nadie.","",""
"2026-10-27","martes 27/10","4","carrusel","Instagram · LinkedIn","carrusel-estafas","contenido/redes/2026-10/png/carrusel-estafas-01.png","Cuatro señales de alerta: prisa, que te pidan códigos, enlaces raros y ganancias seguras.","personaje",""
"2026-10-28","miércoles 28/10","4","feed","Instagram · LinkedIn","glosario-06","contenido/redes/2026-10/png/glosario-06.png","Glosario 06 · Dirección: el identificador de una cuenta en una red. Revísala antes de enviar.","",""
"2026-10-29","jueves 29/10","4","feed","Instagram · LinkedIn","comparar-01","contenido/redes/2026-10/png/comparar-01.png","Enviado no es confirmado: celebramos cuando la red lo registra.","",""
"2026-10-29","jueves 29/10","4","x","X · LinkedIn","horizontal-02","contenido/redes/2026-10/png/horizontal-02.png","Revisa el destino antes de enviar.","personaje",""
"2026-10-30","viernes 30/10","4","feed","Instagram · LinkedIn","consejo-08","contenido/redes/2026-10/png/consejo-08.png","Consejo 08: ojo con los enlaces. Escribe gatopago.com y desconfía de las prisas.","",""
"2026-10-30","viernes 30/10","4","historia","Instagram · Facebook (historias)","fondo-historia-01","contenido/redes/2026-10/png/fondo-historia-01.png","Fondo libre + sticker «Revisa antes»: escribir «¿Revisaste el destino?»","",""
"2026-11-02","lunes 2/11","5","feed","Instagram · LinkedIn","defi-01","contenido/redes/2026-10/png/defi-01.png","Finanzas abiertas, sin jerga: ahorra y genera rendimiento desde tu cuenta. El rendimiento varía y no está garantizado. (Alpha en testnet.)","",""
"2026-11-03","martes 3/11","5","carrusel","Instagram · LinkedIn","carrusel-defi","contenido/redes/2026-10/png/carrusel-defi-01.png","DeFi explicado sin jerga: qué es, qué puedes hacer, qué riesgos tiene y dónde entra GatoPago. (Alpha en testnet.)","personaje",""
"2026-11-04","miércoles 4/11","5","feed","Instagram · LinkedIn","glosario-02","contenido/redes/2026-10/png/glosario-02.png","Glosario 02 · USDC: stablecoin emitida por Circle que busca valer un dólar estadounidense.","",""
"2026-11-05","jueves 5/11","5","feed","Instagram · LinkedIn","defi-02","contenido/redes/2026-10/png/defi-02.png","El rendimiento varía y no está garantizado. Te lo decimos antes, no después.","",""
"2026-11-05","jueves 5/11","5","x","X · LinkedIn","horizontal-04","contenido/redes/2026-10/png/horizontal-04.png","Estamos en alpha.","",""
"2026-11-06","viernes 6/11","5","feed","Instagram · LinkedIn","pilares-04","contenido/redes/2026-10/png/pilares-04.png","Tu cuenta trabaja por ti. Hoy, rendimiento con DeFi; pronto, reglas que tú defines. El rendimiento varía y no está garantizado. (Alpha en testnet.)","",""
"2026-11-06","viernes 6/11","5","historia","Instagram · Facebook (historias)","fondo-historia-02","contenido/redes/2026-10/png/fondo-historia-02.png","Fondo libre: pregunta abierta «¿Qué te frena de usar DeFi?» con sticker de preguntas","",""
"2026-11-09","lunes 9/11","6","feed","Instagram · LinkedIn","pilares-01","contenido/redes/2026-10/png/pilares-01.png","Una cuenta, cuatro promesas: tuya, simple, programable y abierta.","autocustodia","manifiesto-02"
"2026-11-10","martes 10/11","6","feed","Instagram · LinkedIn","pilares-07","contenido/redes/2026-10/png/pilares-07.png","O es fácil, o es tuyo. Hasta ahora: GatoPago es fácil y tus fondos son tuyos.","autocustodia","comparar-03"
"2026-11-11","miércoles 11/11","6","feed","Instagram · LinkedIn","glosario-05","contenido/redes/2026-10/png/glosario-05.png","Glosario 05 · Autocustodia: tú controlas tus fondos; ninguna empresa los guarda por ti.","",""
"2026-11-12","jueves 12/11","6","feed","Instagram · LinkedIn","pilares-02","contenido/redes/2026-10/png/pilares-02.png","Tus fondos son realmente tuyos: GatoPago no guarda tu dinero; tú tienes el control.","autocustodia","principio-01"
"2026-11-13","viernes 13/11","6","feed","Instagram · LinkedIn","pilares-05","contenido/redes/2026-10/png/pilares-05.png","Entra y sal cuando quieras: tu dinero puede ir a otra wallet o exchange. Sin encierro.","",""
"2026-11-16","lunes 16/11","7","feed","Instagram · LinkedIn","gato-01","contenido/redes/2026-10/png/gato-01.png","Hola, te esperábamos. El gato acompaña; tú decides.","personaje",""
"2026-11-16","lunes 16/11","7","historia","Instagram · Facebook (historias)","historia-02","contenido/redes/2026-10/png/historia-02.png","Sin pie de texto: la historia se entiende sola.","personaje",""
"2026-11-17","martes 17/11","7","feed","Instagram · LinkedIn","acciones-01","contenido/redes/2026-10/png/acciones-01.png","Cuatro verbos, un solo lugar: enviar, cobrar, cambiar y ver tu actividad.","",""
"2026-11-18","miércoles 18/11","7","feed","Instagram · LinkedIn","gato-07","contenido/redes/2026-10/png/gato-07.png","Atento a los detalles: importe, destino, red y costes.","personaje",""
"2026-11-19","jueves 19/11","7","feed","Instagram · LinkedIn","principio-03","contenido/redes/2026-10/png/principio-03.png","Costes a la vista, antes de autorizar.","",""
"2026-11-20","viernes 20/11","7","feed","Instagram · LinkedIn","gato-04","contenido/redes/2026-10/png/gato-04.png","Domingo de siesta. Tu dinero sigue siendo tuyo, también cuando descansas.","personaje",""
"2026-11-23","lunes 23/11","8","feed","Instagram · LinkedIn","pilares-06","contenido/redes/2026-10/png/pilares-06.png","Fácil como una app. Tuya como una wallet. Las dos cosas, en una cuenta.","autocustodia","manifiesto-05"
"2026-11-24","martes 24/11","8","feed","Instagram · LinkedIn","acciones-03","contenido/redes/2026-10/png/acciones-03.png","Protección en capas: tu acceso, revisión antes de autorizar y control de tu cuenta.","",""
"2026-11-25","miércoles 25/11","8","feed","Instagram · LinkedIn","glosario-08","contenido/redes/2026-10/png/glosario-08.png","Glosario 08 · Testnet: red de pruebas. Lo que se mueve ahí no tiene valor real.","",""
"2026-11-26","jueves 26/11","8","feed","Instagram · LinkedIn","entre-paises-04","contenido/redes/2026-10/png/entre-paises-04.png","De dólares digitales a bolivianos: estamos trabajando en la salida a tu banco en Bolivia. Aún no está disponible.","",""
"2026-11-27","viernes 27/11","8","feed","Instagram · LinkedIn","gato-11","contenido/redes/2026-10/png/gato-11.png","¡Primer pago! Celebramos cuando está confirmado. No antes.","personaje",""
"2026-11-27","viernes 27/11","8","historia","Instagram · Facebook (historias)","historia-08","contenido/redes/2026-10/png/historia-08.png","Sin pie de texto: la historia se entiende sola.","personaje",""
